{
  "controller/NotFound-dbg.controller.js": 1750915011852,
  "controller/NotFound.controller.js": 1750915011852,
  "controller/OverviewPage.controller.js": 1750927038228,
  "model/models.js": 1750914962564,
  "controller/DetailEmployee.controller.js": 1750939646999,
  "controller/CreateEmployee.controller.js": 1750938646314,
  "controller/App.controller.js": 1750914764286,
  "manifest.json": 1750925898333,
  "Component.js": 1750914894783,
  "i18n/i18n.properties": 1750914972760,
  "controller/NotFound.controller.js.map": 1750939759374,
  "controller/OverviewPage-dbg.controller.js": 1750927038228,
  "controller/OverviewPage.controller.js.map": 1750939759389,
  "model/models-dbg.js": 1750914962564,
  "model/models.js.map": 1750939759374,
  "controller/DetailEmployee-dbg.controller.js": 1750939646999,
  "controller/DetailEmployee.controller.js.map": 1750939759412,
  "controller/CreateEmployee-dbg.controller.js": 1750938646314,
  "controller/CreateEmployee.controller.js.map": 1750939759400,
  "controller/App-dbg.controller.js": 1750914764286,
  "controller/App.controller.js.map": 1750939759380,
  "Component-dbg.js": 1750914894783,
  "Component.js.map": 1750939759384,
  "Component-preload.js": 1750939759514,
  "Component-preload.js.map": 1750939759514,
  "view/fragment/Header.fragment.xml": 1750926963767,
  "view/fragment/ConfirmDialog.fragment.xml": 1750914929612,
  "view/OverviewPage.view.xml": 1750914905619,
  "view/NotFound.view.xml": 1750914921052,
  "view/MasterDataPage.view.xml": 1750914919892,
  "view/DetailEmployee.view.xml": 1750929319872,
  "view/CreateEmployee.view.xml": 1750929402869,
  "view/App.view.xml": 1750914705866,
  "css/style.css": 1750914983196,
  "img/Logo.png": 1750914993860,
  "img/Avatar.png": 1750914993856,
  "index.html": 1750914705858
}